<?xml version="1.0" encoding="UTF-8"?>
<project-private xmlns="http://www.netbeans.org/ns/project-private/1">
    <editor-bookmarks xmlns="http://www.netbeans.org/ns/editor-bookmarks/2" lastBookmarkId="0"/>
    <open-files xmlns="http://www.netbeans.org/ns/projectui-open-files/2">
        <group>
            <file>file:/C:/Users/SUDHANSHU%20YADAV/Documents/NetBeansProjects/HospitalApplication/web/adminhome.jsp</file>
            <file>file:/C:/Users/SUDHANSHU%20YADAV/Documents/NetBeansProjects/HospitalApplication/web/addPatient.jsp</file>
            <file>file:/C:/Users/SUDHANSHU%20YADAV/Documents/NetBeansProjects/HospitalApplication/web/logout.jsp</file>
            <file>file:/C:/Users/SUDHANSHU%20YADAV/Documents/NetBeansProjects/HospitalApplication/src/java/mypackage/DataBaseClass.java</file>
            <file>file:/C:/Users/SUDHANSHU%20YADAV/Documents/NetBeansProjects/HospitalApplication/web/deleteAppointment.jsp</file>
            <file>file:/C:/Users/SUDHANSHU%20YADAV/Documents/NetBeansProjects/HospitalApplication/web/index.jsp</file>
            <file>file:/C:/Users/SUDHANSHU%20YADAV/Documents/NetBeansProjects/HospitalApplication/web/navigationbar1.jsp</file>
            <file>file:/C:/Users/SUDHANSHU%20YADAV/Documents/NetBeansProjects/HospitalApplication/web/mycontrol.jsp</file>
            <file>file:/C:/Users/SUDHANSHU%20YADAV/Documents/NetBeansProjects/HospitalApplication/web/viewPatient.jsp</file>
            <file>file:/C:/Users/SUDHANSHU%20YADAV/Documents/NetBeansProjects/HospitalApplication/web/viewAppointment.jsp</file>
            <file>file:/C:/Users/SUDHANSHU%20YADAV/Documents/NetBeansProjects/HospitalApplication/web/viewDoctor.jsp</file>
            <file>file:/C:/Users/SUDHANSHU%20YADAV/Documents/NetBeansProjects/HospitalApplication/web/header.jsp</file>
            <file>file:/C:/Users/SUDHANSHU%20YADAV/Documents/NetBeansProjects/HospitalApplication/web/navigationbar2.jsp</file>
            <file>file:/C:/Users/SUDHANSHU%20YADAV/Documents/NetBeansProjects/HospitalApplication/web/addDoctor.jsp</file>
            <file>file:/C:/Users/SUDHANSHU%20YADAV/Documents/NetBeansProjects/HospitalApplication/web/deletePatient.jsp</file>
            <file>file:/C:/Users/SUDHANSHU%20YADAV/Documents/NetBeansProjects/HospitalApplication/web/addAppointment.jsp</file>
            <file>file:/C:/Users/SUDHANSHU%20YADAV/Documents/NetBeansProjects/HospitalApplication/web/deletedoctor.jsp</file>
        </group>
    </open-files>
</project-private>
